gbifID,scientificName,decimalLatitude,decimalLongitude,year,eventDate
923924454,Lontra canadensis,33.510538,-95.840822,2013,2013-12-25
923918181,Lontra canadensis,32.23294,-97.697792,2012,2012-06-10
911499580,Lontra canadensis,30.15202,-97.361058,2014,2014-05-17
899959576,Lontra canadensis,29.728046,-96.276172,2014,2014-03-29
899959574,Lontra canadensis,29.740035,-96.312565,2014,2014-03-29
899959568,Lontra canadensis,30.039742,-97.198133,2014,2014-03-30
899958805,Lontra canadensis,30.105706,-97.025043,2014,2014-03-30
891756783,Lontra canadensis,30.070312,-97.185429,2013,2013-10-29
891747005,Lontra canadensis,33.150125,-96.488052,2013,2013-09-20
891744720,Lontra canadensis,30.284792,-95.860815,2013,2013-09-26
891744223,Lontra canadensis,30.35553,-95.868252,2013,2013-09-25
891744167,Lontra canadensis,30.358086,-95.888949,2013,2013-09-25
891744103,Lontra canadensis,30.365054,-95.988112,2013,2013-09-25
891744069,Lontra canadensis,30.248187,-95.948,2013,2013-09-25
891741668,Lontra canadensis,30.253343,-94.093819,2013,2013-09-13
891740922,Lontra canadensis,30.315689,-94.079225,2013,2013-09-15
891740763,Lontra canadensis,30.232523,-94.196011,2013,2013-09-15
891740760,Lontra canadensis,30.244605,-94.075375,2013,2013-09-15
891739909,Lontra canadensis,30.328778,-94.101834,2013,2013-09-13
891726252,Lontra canadensis,30.120197,-97.573447,2013,2013-05-25
891723451,Lontra canadensis,30.320899,-97.553172,2013,2013-08-04
891723019,Lontra canadensis,30.321166,-97.772526,2013,2013-08-03
891165553,Lontra canadensis,31.021293,-94.043372,2006,2006-01-25
891164127,Lontra canadensis,29.894445,-98.605436,2007,2007-12-19
891163133,Lontra canadensis,30.117039,-97.057664,2012,2012-06-09
891047842,Lontra canadensis,30.066453,-97.13021,2014,2014-02-18
891025869,Lontra canadensis,29.309287,-94.77744,1994,1994-08-27
675927581,Lontra canadensis,30.933459,-96.635874,1988,1988-07-30
675882163,Lontra canadensis,30.02056,-93.778773,1976,1976-01-31
675867375,Lontra canadensis,30.667598,-94.300948,1975,1975-12-03
675758744,Lontra canadensis,31.33806,-94.864298,1960,1960-02-22
675757456,Lontra canadensis,29.827053,-94.011094,1947,1947-12-17
675738135,Lontra canadensis,31.458453,-94.663067,1936,1936-12-24
5828812835,Lontra canadensis,32.85235,-94.495389,2025,2025-06-26
5828680265,Lontra canadensis,31.199221,-97.735665,2022,2022-02-21
5828557439,Lontra canadensis,30.653914,-97.77295,2025,2025-09-06
5828533131,Lontra canadensis,30.745926,-97.638338,2025,2025-08-31
5828519434,Lontra canadensis,32.605285,-96.764277,2025,2025-09-13
5828492999,Lontra canadensis,32.955879,-97.280518,2025,2025-09-12
5828418166,Lontra canadensis,32.798911,-96.793477,2025,2025-09-14
5828414303,Lontra canadensis,30.736925,-95.496157,2025,2025-09-10
5828384728,Lontra canadensis,32.671466,-96.7023,2025,2025-09-14
5828340761,Lontra canadensis,30.644558,-97.692605,2025,2025-09-01
5828232724,Lontra canadensis,32.610105,-96.764746,2025,2025-09-14
5828181163,Lontra canadensis,30.605161,-97.627968,2025,2025-09-09
5827880103,Lontra canadensis,30.643888,-97.775908,2025,2025-09-06
5827795310,Lontra canadensis,30.70536,-97.688955000000007,2025,2025-08-24
5827721585,Lontra canadensis,30.759792,-97.721039,2025,2025-09-04
5827719441,Lontra canadensis,30.750548,-97.690689,2025,2025-09-07
5827708300,Lontra canadensis,30.611587,-97.720742,2025,2025-09-13
5827574051,Lontra canadensis,30.641603,-97.620151,2025,2025-08-26
5827469529,Lontra canadensis,30.090748,-97.977881,2025,2025-09-13
5761155623,Lontra canadensis,30.616297,-97.703947,2025,2025-09-01
5761079711,Lontra canadensis,30.605571,-97.736325,2025,2025-08-23
5760501350,Lontra canadensis,33.66036,-96.703965,2025,2025-08-27
5292656758,Lontra canadensis,30.775527,-97.754949,2025,2025-08-17
5292650436,Lontra canadensis,30.636759,-97.616734,2025,2025-08-18
5292248873,Lontra canadensis,29.546282,-95.147714,2024,2024-03-27
5292177824,Lontra canadensis,30.687087,-97.704873,2025,2025-08-16
5282455970,Lontra canadensis,29.986852,-95.629401,2025,2025-04-01
5282121086,Lontra canadensis,29.909300000000002,-95.722104,2025,2025-05-01
5282000248,Lontra canadensis,33.395923,-96.832644,2025,2025-08-05
5281940903,Lontra canadensis,29.882408,-95.618693,2025,2025-05-05
5281870033,Lontra canadensis,29.875655,-96.857621,2025,2025-07-27
5281849496,Lontra canadensis,29.878226,-96.903891,2025,2025-07-27
5237902959,Lontra canadensis,33.311322,-96.493483,2025,2025-06-26
5231617556,Lontra canadensis,29.974588,-95.744698,2025,2025-03-26
5231105018,Lontra canadensis,33.142256,-96.783287,2025,2025-06-29
5231081705,Lontra canadensis,29.480554,-95.485573,2025,2025-07-12
5230474212,Lontra canadensis,30.931184,-96.840533,2025,2025-07-21
5217505630,Lontra canadensis,30.505984,-97.723359,2025,2025-04-02
5216237395,Lontra canadensis,29.660351,-94.368712,2025,2025-04-11
5215988151,Lontra canadensis,29.498431,-98.336812,2025,2025-04-06
5215894801,Lontra canadensis,33.937235,-98.457113,2025,2025-07-05
5206190992,Lontra canadensis,32.813758,-96.595916,2025,2025-06-19
5199257352,Lontra canadensis,30.053837,-94.58082,2025,2025-06-14
5199208318,Lontra canadensis,33.364746,-97.136788,2022,2022-10-01
5198808588,Lontra canadensis,29.762324,-95.925144,2025,2025-06-14
5198763415,Lontra canadensis,29.70411,-96.387276,2024,2024-03-23
5198417329,Lontra canadensis,30.727792,-97.604928,2025,2025-06-14
5188313345,Lontra canadensis,32.93579,-95.907429,2023,2023-04-23
5188257614,Lontra canadensis,30.826073,-94.999449,2023,2023-12-14
5187850761,Lontra canadensis,29.947439,-95.728864,2025,2025-03-20
5187725004,Lontra canadensis,30.403638,-97.440346,2025,2025-06-07
5177137623,Lontra canadensis,29.87719,-95.667372,2025,2025-03-19
5177093126,Lontra canadensis,33.19268,-96.80985,2025,2025-05-30
5176591272,Lontra canadensis,33.265862,-96.914748,2025,2025-05-28
5176416500,Lontra canadensis,33.160821,-96.715701,2025,2025-05-24
5168277266,Lontra canadensis,29.82579,-95.697256,2025,2025-03-18
5168077402,Lontra canadensis,31.558393,-94.64194,2025,2025-05-26
5167743337,Lontra canadensis,29.993991,-95.733457,2025,2025-03-09
5167302869,Lontra canadensis,29.929146,-95.706147,2025,2025-03-08
5166995669,Lontra canadensis,29.025814,-96.906993,2025,2025-05-09
5166921970,Lontra canadensis,29.877127,-95.604662,2025,2025-03-15
5154172898,Lontra canadensis,30.691197,-97.671006,2025,2025-04-10
5154054050,Lontra canadensis,29.626504,-95.753191,2025,2025-05-07
5154024343,Lontra canadensis,32.953289,-96.584309,2025,2025-05-04
5153927177,Lontra canadensis,33.361431,-96.446333,2025,2025-03-14
5153128222,Lontra canadensis,30.85124,-97.647914,2025,2025-05-03
5140337564,Lontra canadensis,30.462075,-95.790574,2025,2025-03-22
5134635251,Lontra canadensis,30.413818,-97.512499,2025,2025-04-21
5134383122,Lontra canadensis,31.326574,-97.130512,2025,2025-03-07
5134341095,Lontra canadensis,30.398002,-97.480765,2025,2025-04-19
5134277855,Lontra canadensis,29.574506,-98.270893,2025,2025-04-06
5134247334,Lontra canadensis,30.285797,-97.575164,2024,2024-04-18
5134061225,Lontra canadensis,29.615032,-94.403124,2016,2016-01-17
5133935234,Lontra canadensis,30.239272,-97.449398,2024,2024-04-13
5133601611,Lontra canadensis,32.669895,-94.04568,2025,2025-03-01
5133564118,Lontra canadensis,32.580744,-96.436907,2025,2025-04-12
5108235643,Lontra canadensis,33.573918,-97.584456,2025,2025-03-27
5108201453,Lontra canadensis,32.960052,-96.487631,2025,2025-03-27
5104611224,Lontra canadensis,33.332611,-97.125557,2025,2025-01-18
5104498275,Lontra canadensis,30.484585,-97.336764,2025,2025-03-21
5104444718,Lontra canadensis,29.824092,-95.623578,2025,2025-02-23
5104439530,Lontra canadensis,32.38878,-97.849371,2025,2025-03-15
5104338403,Lontra canadensis,29.769451,-95.738968,2025,2025-03-12
5100621837,Lontra canadensis,29.95215,-95.80861,2021,2021-01-06
5099525460,Lontra canadensis,29.636111,-94.3725,2005,2005-04-16
5099475721,Lontra canadensis,29.050244,-95.25021,1996,1996-02-01
5099474744,Lontra canadensis,29.700059,-93.938276,1994,1994-02-01
5087956220,Lontra canadensis,29.874546,-95.763234,2025,2025-02-18
5087797498,Lontra canadensis,30.37797,-97.468849,2025,2025-03-05
5087710362,Lontra canadensis,32.681092,-96.519257,2025,2025-03-08
5087667901,Lontra canadensis,32.706856,-96.82066,2025,2025-02-25
5087537173,Lontra canadensis,30.389701,-97.418539,2025,2025-03-01
5087495186,Lontra canadensis,31.306048,-96.674859,2025,2025-03-02
5087468871,Lontra canadensis,30.366465,-97.407298,2020,2020-02-19
5087451964,Lontra canadensis,30.232392,-97.495343,2025,2025-03-02
5087430135,Lontra canadensis,28.811729,-96.503385,2006,2006-02-11
5087389819,Lontra canadensis,32.088803,-96.468026,2025,2025-03-02
5087171140,Lontra canadensis,30.249628,-96.017495,2025,2025-02-26
5087159624,Lontra canadensis,32.560137,-97.643074,2023,2023-11-05
5070063148,Lontra canadensis,31.781475,-97.237689,2025,2025-02-16
5070009107,Lontra canadensis,30.1956,-95.377269,2025,2025-02-17
5070001149,Lontra canadensis,32.982341,-96.484648000000007,2025,2025-02-17
5069963687,Lontra canadensis,32.777641,-97.158318,2025,2025-02-15
5069861310,Lontra canadensis,29.663778,-95.283755,2024,2024-06-15
5069821938,Lontra canadensis,31.029671,-97.303665,2025,2025-02-10
5069775163,Lontra canadensis,33.758491,-97.31907,2025,2025-01-29
5069763024,Lontra canadensis,29.752942,-95.244574,2024,2024-12-14
5064115556,Lontra canadensis,30.758535,-97.793005,2025,2025-02-09
5064097180,Lontra canadensis,29.96116,-97.919538,2025,2025-01-30
5064002990,Lontra canadensis,30.063429,-98.025625,2025,2025-02-09
5063817229,Lontra canadensis,29.356901,-94.99233,2024,2024-02-24
5063807955,Lontra canadensis,30.665903,-97.244915,2025,2025-02-02
5063690683,Lontra canadensis,30.327334,-96.034052,2025,2025-01-31
5063507955,Lontra canadensis,29.832886,-97.847079,2025,2025-01-27
5063468427,Lontra canadensis,32.922348,-97.531464,2025,2025-01-23
5063053534,Lontra canadensis,29.811904,-97.841042,2025,2025-01-15
5062473158,Lontra canadensis,30.750545,-97.903152,2021,2021-06-27
5019441242,Lontra canadensis,29.586296,-94.448257,1987,1987-02-18
5008361301,Lontra canadensis,29.683619,-95.384799,2024,2024-12-14
5008263372,Lontra canadensis,30.249182,-97.624905,2024,2024-10-20
5008220475,Lontra canadensis,33.108535,-96.650426,2023,2023-07-10
5007788082,Lontra canadensis,30.015217,-93.899162,2025,2025-01-03
5007667179,Lontra canadensis,33.091941,-97.11494,2024,2024-12-29
5007553706,Lontra canadensis,33.580108,-97.192319,2025,2025-01-02
5007340237,Lontra canadensis,33.146317,-97.065809,2024,2024-12-27
5007169235,Lontra canadensis,30.351792,-97.758686,2024,2024-12-27
5007045580,Lontra canadensis,30.08786,-97.350875,2024,2024-12-18
5007026845,Lontra canadensis,30.137979,-93.876794,2025,2025-01-03
5007023025,Lontra canadensis,29.798555,-95.362217,2024,2024-07-04
5006812287,Lontra canadensis,30.648465,-97.791894,2025,2025-01-01
5006711337,Lontra canadensis,29.828526,-95.709223,2024,2024-09-08
4994354378,Lontra canadensis,32.153705,-96.599522,2024,2024-12-06
4994114445,Lontra canadensis,30.21613,-96.458215,2024,2024-12-08
4993858623,Lontra canadensis,31.667224,-95.021948,2024,2024-12-02
4993842249,Lontra canadensis,30.649606,-96.310892,2024,2024-12-09
4987709688,Lontra canadensis,29.849556,-97.934825,2024,2024-11-24
4982373010,Lontra canadensis,29.583802,-94.69043,2024,2024-11-17
4982228027,Lontra canadensis,30.393777,-97.631987,2024,2024-04-10
4981992649,Lontra canadensis,29.719912,-95.697988,2023,2023-03-03
4981982309,Lontra canadensis,29.615278,-95.782236,2023,2023-03-03
4980581608,Lontra canadensis,33.336296,-94.500208,2024,2024-11-11
4978431774,Lontra canadensis,29.910469,-95.660974,2024,2024-10-08
4976611505,Lontra canadensis,29.897578,-97.969981,2024,2024-10-28
4976593775,Lontra canadensis,29.935435,-95.627215,2024,2024-10-06
4976510151,Lontra canadensis,33.1535,-96.379975,2024,2024-10-25
4976339413,Lontra canadensis,30.588021,-94.387251,2024,2024-10-07
4974124379,Lontra canadensis,29.890895,-95.600874,2024,2024-10-06
4973848134,Lontra canadensis,29.900739,-95.704327,2024,2024-09-30
4954740789,Lontra canadensis,30.133523,-97.664211,2024,2024-10-09
4954520174,Lontra canadensis,33.198267,-96.752458,2024,2024-10-12
4954259561,Lontra canadensis,29.405524,-97.45084,2024,2024-10-11
4953013398,Lontra canadensis,32.742284,-96.669442,2024,2024-10-04
4946510663,Lontra canadensis,29.852453,-97.613092,2023,2023-09-26
4946478490,Lontra canadensis,30.854004,-97.69072,2024,2024-03-02
4945775713,Lontra canadensis,30.119338,-97.570767,2024,2024-04-04
4945611407,Lontra canadensis,29.925099,-97.899792,2024,2024-02-24
4936873641,Lontra canadensis,32.686305,-96.746291,2024,2024-08-27
4936612672,Lontra canadensis,30.816114,-97.637666,2024,2024-08-20
4936318513,Lontra canadensis,30.991183,-97.661009,2024,2024-08-20
4926275292,Lontra canadensis,29.921868,-97.939913,2024,2024-08-16
4926089535,Lontra canadensis,32.793422,-94.341129,2024,2024-07-26
4924062911,Lontra canadensis,31.855923,-95.064652,2024,2024-08-08
4923852562,Lontra canadensis,31.197644,-97.8545,2024,2024-08-11
4923800200,Lontra canadensis,28.61459,-97.367541,2023,2023-07-29
4921877911,Lontra canadensis,30.958957,-97.788646,2024,2024-07-24
4921719876,Lontra canadensis,31.070592,-97.936826,2024,2024-08-04
4921432494,Lontra canadensis,30.83445,-97.615661,2024,2024-07-23
4919426664,Lontra canadensis,32.777149,-96.667047,2024,2024-07-30
4911025315,Lontra canadensis,30.819248,-97.643166,2024,2024-07-14
4909050245,Lontra canadensis,32.290032,-96.994729,2024,2024-07-12
4908774346,Lontra canadensis,33.538602,-94.434939,2023,2023-12-16
4908618654,Lontra canadensis,31.209101,-96.406381,2023,2023-12-31
4908576516,Lontra canadensis,32.273892,-96.954638,2024,2024-07-10
4903794038,Lontra canadensis,30.186057,-97.16577,2024,2024-06-06
4891284067,Lontra canadensis,29.420926,-94.890572,2024,2024-01-21
4872639517,Lontra canadensis,30.785807,-97.771973,2024,2024-05-21
4872366794,Lontra canadensis,29.439976,-95.568217,2024,2024-05-23
4868153796,Lontra canadensis,32.806971,-96.61959,2023,2023-01-30
4868060532,Lontra canadensis,29.824916,-97.924849,2023,2023-12-03
4867976495,Lontra canadensis,30.897304,-97.695518,2024,2024-05-11
4855039432,Lontra canadensis,29.542063,-95.271011,2023,2023-12-15
4853064173,Lontra canadensis,30.744428,-97.750737,2024,2024-03-26
4852508787,Lontra canadensis,30.718501,-97.703545,2024,2024-04-29
4852496583,Lontra canadensis,30.391026,-95.455642,2024,2024-04-17
4851824854,Lontra canadensis,32.920625,-96.608744,2024,2024-04-15
4847145420,Lontra canadensis,33.046963,-96.630695,2024,2024-04-11
4607203223,Lontra canadensis,33.163127,-96.439999,2024,2024-04-02
4607094011,Lontra canadensis,29.700425,-95.290732,2024,2024-04-03
4606874609,Lontra canadensis,29.888351,-95.751458,2024,2024-03-30
4606832824,Lontra canadensis,30.786192,-97.367855,2019,2019-06-12
4606637488,Lontra canadensis,32.868048,-97.36812,2024,2024-03-26
4600199727,Lontra canadensis,32.686728,-94.056566,2024,2024-03-25
4599904183,Lontra canadensis,28.8113,-96.854254,2024,2024-03-23
4599882699,Lontra canadensis,32.663142,-94.181761,2024,2024-03-25
4599861969,Lontra canadensis,32.665994,-97.010482,2024,2024-03-20
4599844056,Lontra canadensis,32.632131,-97.062859,2024,2024-03-20
4597246214,Lontra canadensis,30.833417,-95.023718,2024,2024-02-22
4596830311,Lontra canadensis,29.518177,-96.611034,2023,2023-08-19
4535992275,Lontra canadensis,30.038942,-95.643663,2023,2023-03-27
4535979794,Lontra canadensis,30.003737,-97.438359,2024,2024-03-03
4535970847,Lontra canadensis,29.844834,-97.292964,2020,2020-08-10
4535722734,Lontra canadensis,30.888732,-97.637206,2024,2024-03-02
4535644765,Lontra canadensis,31.160337,-97.516048,2024,2024-02-02
4528308876,Lontra canadensis,31.142219,-98.419159,2024,2024-02-23
4528085074,Lontra canadensis,32.830582,-96.561066,2024,2024-02-26
4528027945,Lontra canadensis,32.734688,-95.884708,2024,2024-02-22
4528006997,Lontra canadensis,32.583268,-97.971117,2024,2024-02-22
4525312010,Lontra canadensis,32.008149,-98.14794,2024,2024-02-18
4525307526,Lontra canadensis,30.582925,-97.27963,2024,2024-02-17
4525194934,Lontra canadensis,31.58276,-95.378285,2020,2020-11-28
4525166151,Lontra canadensis,32.971099,-98.502551,2024,2024-02-14
4525148553,Lontra canadensis,31.390865,-96.367062,2009,2009-06-19
4525056923,Lontra canadensis,30.581658,-97.364765,2024,2024-02-06
4525053053,Lontra canadensis,29.669345,-95.396943,2024,2024-02-11
4522817084,Lontra canadensis,29.963637,-95.741064,2024,2024-02-10
4522809057,Lontra canadensis,29.997461,-95.736388,2024,2024-02-10
4522764584,Lontra canadensis,29.926847,-97.906146,2024,2024-02-06
4522637348,Lontra canadensis,30.589466,-94.541474,2023,2023-12-05
4519331537,Lontra canadensis,31.343677,-94.367758,2024,2024-01-21
4519267160,Lontra canadensis,33.535996,-96.67317,2024,2024-02-04
4519145374,Lontra canadensis,29.001872,-95.753254,2024,2024-02-01
4518986102,Lontra canadensis,30.838769,-97.769837,2024,2024-01-20
4516888399,Lontra canadensis,30.137567,-97.304248,2024,2024-01-27
4516886473,Lontra canadensis,32.730962,-94.386585,2024,2024-01-27
4516872507,Lontra canadensis,30.907488,-97.799308,2024,2024-01-09
4516720939,Lontra canadensis,30.864689,-97.704332,2024,2024-01-09
4516709405,Lontra canadensis,30.870563,-97.773521,2024,2024-01-08
4516677459,Lontra canadensis,30.107001,-95.823518000000007,2024,2024-01-21
4516568382,Lontra canadensis,30.120145,-97.546771,2024,2024-01-25
4516234420,Lontra canadensis,30.910763,-97.699041,2024,2024-01-04
4512440859,Lontra canadensis,29.789835,-94.490619,2016,2016-02-13
4512383828,Lontra canadensis,30.578226,-96.220499,2024,2024-01-15
4512316920,Lontra canadensis,31.900389,-96.044249,2024,2024-01-12
4510379074,Lontra canadensis,29.450614,-95.011429,2024,2024-01-07
4510341309,Lontra canadensis,29.788796,-95.237147,2023,2023-10-29
4510311248,Lontra canadensis,29.906873,-95.673822,2023,2023-02-26
4510293120,Lontra canadensis,29.85359,-95.750603,2023,2023-07-30
4510190063,Lontra canadensis,30.966798,-97.753631,2024,2024-01-07
4510026233,Lontra canadensis,29.906722,-95.62281,2023,2023-10-03
4510005068,Lontra canadensis,29.724138,-95.355816,2023,2023-08-05
4508045394,Lontra canadensis,29.92353,-95.672277,2023,2023-12-03
4507968723,Lontra canadensis,32.747446,-96.597966,2023,2023-12-30
4507856067,Lontra canadensis,30.658851,-97.670268,2023,2023-12-24
4507678498,Lontra canadensis,32.670908,-96.849553,2023,2023-12-06
4507623541,Lontra canadensis,32.753435,-96.808895,2023,2023-12-07
4507598259,Lontra canadensis,30.958583,-97.700323,2023,2023-11-18
4506262720,Lontra canadensis,30.658053,-96.018362,2023,2023-12-20
4500689577,Lontra canadensis,31.312968,-94.776872,2023,2023-12-19
4500634715,Lontra canadensis,31.399533,-94.643266,2023,2023-12-16
4465676890,Lontra canadensis,31.978463,-96.048671,2023,2023-11-19
4465578165,Lontra canadensis,30.681269,-96.263215,2023,2023-09-20
4465456992,Lontra canadensis,30.309239,-97.726984,2023,2023-11-10
4465425157,Lontra canadensis,30.573538,-96.40116,2023,2023-12-08
4458570273,Lontra canadensis,29.826085,-95.642801,2023,2023-03-05
4458508501,Lontra canadensis,31.484433,-94.512427,2023,2023-12-05
4458424367,Lontra canadensis,33.016791,-96.644356,2023,2023-11-12
4458419056,Lontra canadensis,29.751779,-95.31654,2023,2023-11-22
4458323266,Lontra canadensis,29.825196,-95.748765,2023,2023-03-06
4453879077,Lontra canadensis,29.625334,-95.246051,2023,2023-10-06
4453813681,Lontra canadensis,33.271785,-96.84902,2023,2023-11-22
4453730652,Lontra canadensis,33.214574,-96.825082,2023,2023-09-30
4453730250,Lontra canadensis,32.608544,-95.762205,2023,2023-11-24
4444338373,Lontra canadensis,30.52092,-96.313081,2020,2020-12-24
4444338276,Lontra canadensis,30.358619,-96.717828,2020,2020-10-13
4442688811,Lontra canadensis,29.848913,-95.608395,2023,2023-11-02
4442573792,Lontra canadensis,30.964801,-97.72787,2023,2023-11-12
4442552314,Lontra canadensis,30.535243,-96.34288,2023,2023-11-14
4442383174,Lontra canadensis,31.425142,-94.68534,2023,2023-11-12
4440785218,Lontra canadensis,30.770183,-96.53435,2023,2023-11-05
4440753878,Lontra canadensis,30.376132,-97.705197,2023,2023-11-11
4440648051,Lontra canadensis,29.838922,-95.724698,2023,2023-09-15
4440597294,Lontra canadensis,30.065841,-97.046573,2023,2023-11-05
4439018747,Lontra canadensis,29.531376,-96.005375,2023,2023-10-31
4438966445,Lontra canadensis,32.816937,-96.453473,2023,2023-10-28
4438921065,Lontra canadensis,33.008986,-96.643387,2023,2023-11-04
4438791573,Lontra canadensis,30.15954,-97.213228,2023,2023-10-29
4436388654,Lontra canadensis,29.825637,-95.709295,2023,2023-03-05
4436266982,Lontra canadensis,30.606733,-96.071191,2023,2023-10-29
4436249253,Lontra canadensis,30.800209,-97.624061,2023,2023-10-08
4431191745,Lontra canadensis,29.919973,-95.796455,2023,2023-02-26
4431096201,Lontra canadensis,31.228675,-94.715689,2023,2023-10-17
4431073085,Lontra canadensis,30.775355,-97.306891,2023,2023-10-14
4431052007,Lontra canadensis,30.495777,-96.174371,2023,2023-10-14
4430972165,Lontra canadensis,30.934754,-97.792773,2023,2023-09-30
4430716966,Lontra canadensis,29.969496,-95.688336,2023,2023-03-03
4430647527,Lontra canadensis,30.545412,-96.16158,2023,2023-10-14
4430572312,Lontra canadensis,30.80131,-97.653864,2023,2023-09-27
4430450206,Lontra canadensis,29.578472,-94.520225,2021,2021-04-18
4424354787,Lontra canadensis,30.580255,-96.280517,2023,2023-09-10
4416767722,Lontra canadensis,30.032537,-96.857165,2023,2023-09-09
4416634907,Lontra canadensis,29.835343,-95.69503,2023,2023-08-30
4414302980,Lontra canadensis,29.802752,-95.623154,2023,2023-08-18
4414301024,Lontra canadensis,31.383959,-96.883191,2023,2023-09-17
4414191673,Lontra canadensis,32.919062,-96.793749,2023,2023-09-10
4414185318,Lontra canadensis,29.832714,-95.760206,2023,2023-08-19
4413522851,Lontra canadensis,32.965897,-96.537102,2023,2023-06-04
4413396752,Lontra canadensis,32.880246,-96.559178,2023,2023-06-07
4407550837,Lontra canadensis,30.86461,-97.635123,2023,2023-08-27
4407133900,Lontra canadensis,30.915216,-97.600722,2023,2023-08-26
4177560461,Lontra canadensis,30.630599,-97.409441,2023,2023-08-13
4177525401,Lontra canadensis,33.048857,-96.741818,2023,2023-08-12
4177408509,Lontra canadensis,33.067282,-96.715072,2023,2023-08-10
4177280480,Lontra canadensis,29.913997,-96.381846,2023,2023-07-22
4171351362,Lontra canadensis,30.521835,-96.202262,2021,2021-02-13
4171330266,Lontra canadensis,29.656235,-95.394976,2021,2021-12-23
4171301950,Lontra canadensis,30.799021,-97.779167,2023,2023-07-11
4171218364,Lontra canadensis,30.44685,-96.13378,2021,2021-03-31
4165906334,Lontra canadensis,32.820544,-96.607338,2023,2023-07-25
4165875330,Lontra canadensis,32.541193,-97.011259,2023,2023-07-14
4165780951,Lontra canadensis,32.562036,-97.070336,2023,2023-07-14
4165780489,Lontra canadensis,29.736036,-95.319633,2022,2022-01-23
4165724727,Lontra canadensis,31.57066,-94.770131,2023,2023-07-21
4165692144,Lontra canadensis,30.893134,-97.625702,2023,2023-07-16
4165519275,Lontra canadensis,30.628053,-97.668105,2023,2023-07-19
4165485569,Lontra canadensis,29.701263,-95.269808,2023,2023-06-03
4165342526,Lontra canadensis,29.974105,-95.466877,2023,2023-04-29
4162420692,Lontra canadensis,29.695362,-95.205832,2021,2021-10-02
4162113769,Lontra canadensis,29.778622,-95.292988,2021,2021-07-03
4162025465,Lontra canadensis,29.750608,-95.25445,2023,2023-04-22
4153992129,Lontra canadensis,29.813305,-95.175888,2023,2023-07-05
4145668310,Lontra canadensis,32.866508,-96.542184,2023,2023-06-23
4145654876,Lontra canadensis,30.189011,-95.467079,2023,2023-06-30
4145325560,Lontra canadensis,30.774971,-98.275531,2023,2023-05-28
4145195510,Lontra canadensis,33.056363,-96.677095,2023,2023-02-24
4138566562,Lontra canadensis,30.283117,-97.940779,2022,2022-12-16
4138189030,Lontra canadensis,30.736549,-96.840175,2023,2023-06-18
4134169396,Lontra canadensis,32.962596,-96.559306,2023,2023-06-02
4134131320,Lontra canadensis,32.962818,-96.461444,2023,2023-06-03
4129824301,Lontra canadensis,32.781271,-94.99225,2017,2017-02-22
4129819623,Lontra canadensis,32.868939,-96.512651,2023,2023-05-19
4129772358,Lontra canadensis,31.38977,-94.707352,2021,2021-12-15
4129731001,Lontra canadensis,28.987778,-95.527219,2019,2019-10-25
4129691395,Lontra canadensis,32.741528,-97.161629,2023,2023-04-28
4126953169,Lontra canadensis,32.878196,-96.762311,2023,2023-05-23
4126835014,Lontra canadensis,33.165855,-96.864281,2023,2023-05-26
4126689882,Lontra canadensis,30.016742,-97.238406,2023,2023-05-21
4116205275,Lontra canadensis,32.888101,-96.533557,2023,2023-05-15
4111892251,Lontra canadensis,32.797489,-96.851856,2023,2023-04-29
4111612221,Lontra canadensis,31.336545,-94.625768,2023,2023-05-04
4111601789,Lontra canadensis,30.598752,-97.58391,2023,2023-05-02
4111568869,Lontra canadensis,32.86586,-96.742576,2021,2021-03-19
4103201342,Lontra canadensis,29.952102,-97.876297,2020,2020-07-22
4102890344,Lontra canadensis,30.274034,-97.709987,2023,2023-04-29
4102769087,Lontra canadensis,32.965569,-95.905104,2023,2023-04-23
4096941650,Lontra canadensis,31.598277,-97.085329,2023,2023-04-24
4091759627,Lontra canadensis,30.324208,-97.564149,2023,2023-04-10
4080948557,Lontra canadensis,29.673783,-95.272737,2023,2023-03-18
4080926520,Lontra canadensis,29.905441,-95.647627,2023,2023-02-19
4080522628,Lontra canadensis,29.422892,-94.989468,2023,2023-04-01
4080511173,Lontra canadensis,29.771548,-94.560019,2023,2023-04-08
4080510739,Lontra canadensis,32.683531,-97.001046,2023,2023-04-05
4080505970,Lontra canadensis,30.258011,-96.686515,2023,2023-04-06
4080495620,Lontra canadensis,32.777108,-97.120513,2023,2023-04-04
4076387629,Lontra canadensis,31.937559,-96.028701,2023,2023-04-02
4076165511,Lontra canadensis,31.933881,-96.112955,2023,2023-04-02
4075984546,Lontra canadensis,29.690317,-95.836179,2023,2023-03-25
4075842850,Lontra canadensis,30.290041,-97.763778,2023,2023-03-26
4075739007,Lontra canadensis,30.637687,-97.754168,2023,2023-03-13
4075602276,Lontra canadensis,32.457999,-94.682163,2023,2023-03-23
4067669864,Lontra canadensis,29.757815,-95.710707,2023,2023-02-23
4067352982,Lontra canadensis,30.739977,-97.345899,2023,2023-03-12
4062810205,Lontra canadensis,29.810044,-95.732049,2023,2023-03-03
4054926525,Lontra canadensis,30.702331,-97.491577,2023,2023-01-16
4054821894,Lontra canadensis,30.947241000000002,-95.567346,2023,2023-03-03
4046558859,Lontra canadensis,30.482643,-97.236213,2023,2023-02-22
4046316828,Lontra canadensis,31.354506,-94.632571,2023,2023-02-23
4046273303,Lontra canadensis,33.383501,-96.75977,2023,2023-02-27
4039344756,Lontra canadensis,30.815539,-95.442013,2023,2023-02-17
4039249904,Lontra canadensis,30.278222,-96.005985,2023,2023-02-16
4039223703,Lontra canadensis,30.185823,-96.855057,2023,2023-02-17
4034985908,Lontra canadensis,29.968914,-95.713756,2023,2023-02-13
4034960521,Lontra canadensis,31.340279,-94.781258,2023,2023-02-12
4034949304,Lontra canadensis,32.656822,-96.605279,2023,2023-02-11
4034909562,Lontra canadensis,30.062853,-97.336196,2023,2023-01-23
4034772973,Lontra canadensis,31.319085,-94.688196,2023,2023-02-09
4034750357,Lontra canadensis,29.234128,-95.030428,2020,2020-04-22
4034625122,Lontra canadensis,30.482352,-95.610997,2023,2023-02-10
4029157568,Lontra canadensis,31.298925,-94.737816,2023,2023-02-03
4029038519,Lontra canadensis,29.86514,-95.544945,2023,2023-02-06
4029014687,Lontra canadensis,30.884596,-96.944803,2023,2023-01-26
4028942273,Lontra canadensis,31.303435,-94.676017,2023,2023-02-06
4028912950,Lontra canadensis,31.480501,-97.002127,2023,2023-02-04
4028876496,Lontra canadensis,29.434627,-95.026024,2023,2023-01-24
4028776143,Lontra canadensis,30.458778,-95.640463,2021,2021-11-09
4028750130,Lontra canadensis,30.901446,-96.823506,2023,2023-01-26
4028665166,Lontra canadensis,29.66474,-95.766528,2022,2022-10-30
4022374591,Lontra canadensis,30.673068,-97.462716,2023,2023-01-18
4022352584,Lontra canadensis,30.799994,-97.415235,2023,2023-01-10
4022348771,Lontra canadensis,32.784846,-97.21182,2023,2023-01-20
4022334784,Lontra canadensis,32.745624,-97.28346,2023,2023-01-20
4022332542,Lontra canadensis,30.70505,-97.459501,2023,2023-01-17
4022330616,Lontra canadensis,30.651128,-97.438327,2023,2023-01-13
4022221270,Lontra canadensis,32.702314,-97.35082,2023,2023-01-20
4022220913,Lontra canadensis,30.393454,-97.539611,2023,2023-01-17
4022108339,Lontra canadensis,30.709372,-97.521665,2023,2023-01-19
4021962152,Lontra canadensis,32.502049,-96.753299,2023,2023-01-21
4021961152,Lontra canadensis,30.758618,-97.417733,2023,2023-01-12
4018513309,Lontra canadensis,33.392277,-96.375438,2023,2023-01-15
4018471452,Lontra canadensis,29.75516,-94.528243,2023,2023-01-16
4018357429,Lontra canadensis,29.794788,-95.356961,2021,2021-04-18
4018115202,Lontra canadensis,31.582103,-96.392707,2023,2023-01-14
4015185248,Lontra canadensis,29.501923,-95.163097,2023,2023-01-08
4015147228,Lontra canadensis,30.257017,-97.529257,2023,2023-01-04
4014867068,Lontra canadensis,30.464487,-96.006174,2023,2023-01-06
4014850051,Lontra canadensis,30.643604,-97.545355,2022,2022-12-30
4011855140,Lontra canadensis,30.460528,-96.143182,2022,2022-12-23
4011692070,Lontra canadensis,30.606939,-97.483897,2022,2022-12-30
4011550789,Lontra canadensis,29.929911,-95.655003,2022,2022-12-28
4011527263,Lontra canadensis,33.278506,-97.463848,2022,2022-12-31
4009826164,Lontra canadensis,30.647199,-97.51357,2022,2022-12-24
4009810228,Lontra canadensis,30.652629,-97.467617,2022,2022-12-22
4009809242,Lontra canadensis,30.599044,-97.905235,2022,2022-12-25
4006715913,Lontra canadensis,30.369408,-97.902745,2022,2022-12-16
4006682801,Lontra canadensis,33.528863,-96.402964,2022,2022-12-13
4006672231,Lontra canadensis,33.883355,-95.930306,2022,2022-12-19
4006637117,Lontra canadensis,30.279943,-97.576312,2022,2022-12-18
4006560214,Lontra canadensis,30.329661,-97.475592,2022,2022-12-20
3994232768,Lontra canadensis,31.317313,-94.698357,2022,2022-12-07
3994065548,Lontra canadensis,29.949587,-98.135128,2022,2022-09-17
3988721825,Lontra canadensis,30.60847,-97.408879,2022,2022-11-17
3988623761,Lontra canadensis,31.370031,-94.771115,2022,2022-11-30
3988533826,Lontra canadensis,30.773918,-97.507117,2022,2022-11-15
3988518851,Lontra canadensis,30.756164,-96.282222,2022,2022-11-21
3988448195,Lontra canadensis,31.39046,-94.770708,2022,2022-12-05
3963317879,Lontra canadensis,33.044715,-96.487734,2022,2022-11-03
3963270358,Lontra canadensis,30.444049,-96.205799,2021,2021-02-13
3963230273,Lontra canadensis,33.51905,-96.434886,2022,2022-11-01
3961476897,Lontra canadensis,31.58809,-94.600949,2022,2022-10-27
3961243829,Lontra canadensis,32.878071,-96.491755,2022,2022-08-12
3961229858,Lontra canadensis,32.847908,-96.410113,2022,2022-04-28
3961223755,Lontra canadensis,32.924102,-96.438859,2022,2022-01-02
3961153627,Lontra canadensis,31.349876,-94.648512,2022,2022-11-02
3961128836,Lontra canadensis,32.981279,-96.516948,2022,2022-05-07
3961121560,Lontra canadensis,32.724827,-99.706776,2022,2022-08-15
3961095846,Lontra canadensis,32.915709,-96.598397,2022,2022-08-11
3961007904,Lontra canadensis,30.710444,-97.780964,2022,2022-10-27
3961006834,Lontra canadensis,32.906127,-96.41671,2022,2022-08-15
3947741083,Lontra canadensis,32.831036,-97.576907,2022,2022-09-12
3947426107,Lontra canadensis,32.876232,-97.555982,2022,2022-09-12
3947159885,Lontra canadensis,30.930001,-96.73631,2022,2022-10-23
3925417665,Lontra canadensis,30.119228,-96.97637,2022,2022-09-24
3925041151,Lontra canadensis,32.838824,-96.751988,2022,2022-10-07
3923557900,Lontra canadensis,32.811139,-96.725417,2022,2022-09-28
3923427647,Lontra canadensis,33.8177,-95.987874,2022,2022-09-17
3923372664,Lontra canadensis,33.874288,-95.934447,2022,2022-09-16
3912393311,Lontra canadensis,32.728568,-96.841621,2022,2022-09-14
3912172353,Lontra canadensis,32.315775,-95.972593,2020,2020-02-15
3912135603,Lontra canadensis,32.648155,-96.911742,2022,2022-09-14
3912088581,Lontra canadensis,33.180141,-97.027014,2022,2022-09-07
3912064639,Lontra canadensis,32.766744,-96.837906,2022,2022-09-14
3903608265,Lontra canadensis,31.625763,-96.102215,2022,2022-09-07
3903559971,Lontra canadensis,30.578411,-97.702692,2022,2022-09-05
3903421921,Lontra canadensis,33.083336,-96.654261,2022,2022-09-05
3903414766,Lontra canadensis,30.926598,-95.828276,2022,2022-08-20
3903314995,Lontra canadensis,32.82575,-97.147944,2022,2022-09-07
3903125575,Lontra canadensis,31.254296,-96.233171,2022,2022-09-03
3902589804,Lontra canadensis,33.012141,-94.344368,2022,2022-08-18
3902323536,Lontra canadensis,29.610134,-96.379464,2022,2022-07-17
3902147103,Lontra canadensis,30.619733,-97.591747,2022,2022-08-14
3902025221,Lontra canadensis,29.551416,-97.419878,2022,2022-05-10
3892633496,Lontra canadensis,32.635298,-96.904675,2022,2022-07-30
3892514385,Lontra canadensis,29.767379,-96.385712,2022,2022-03-19
3892315811,Lontra canadensis,30.408229,-97.711235,2022,2022-08-12
3889155954,Lontra canadensis,29.182872,-97.140599,2022,2022-03-19
3889040144,Lontra canadensis,30.672435,-97.566032,2022,2022-08-05
3881897306,Lontra canadensis,32.802818,-97.11853,2022,2022-07-29
3881336938,Lontra canadensis,29.760631,-95.874099,2022,2022-08-02
3873782346,Lontra canadensis,30.411512,-94.20855,2022,2022-04-09
3873086552,Lontra canadensis,29.723975,-94.527796,2022,2022-02-14
3872999838,Lontra canadensis,33.148665,-94.401072,2022,2022-06-14
3860336785,Lontra canadensis,33.197008,-96.646942,2022,2022-06-27
3860225435,Lontra canadensis,32.531502,-96.448745,2022,2022-06-19
3860044859,Lontra canadensis,30.545027,-97.766142,2022,2022-02-05
3859921176,Lontra canadensis,30.330417,-97.710679,2022,2022-05-21
3859887160,Lontra canadensis,30.307453,-97.69563,2022,2022-05-21
3859677446,Lontra canadensis,30.757081,-97.735648,2022,2022-06-04
3859641887,Lontra canadensis,33.024484,-94.551826,2022,2022-06-07
3859496378,Lontra canadensis,30.413579,-96.228467,2020,2020-04-18
3859136184,Lontra canadensis,30.323888,-97.745216,2022,2022-05-21
3859135947,Lontra canadensis,29.786834,-94.428678,2022,2022-03-20
3858558412,Lontra canadensis,29.76091,-98.00341,2019,2019-03-24
3858412828,Lontra canadensis,33.082751,-96.67577,2022,2022-05-27
3858247171,Lontra canadensis,30.386774,-97.633636,2022,2022-05-21
3858220350,Lontra canadensis,29.94694,-97.117618,2018,2018-12-01
3858181848,Lontra canadensis,29.79057,-94.495125,2022,2022-01-27
3802700993,Lontra canadensis,30.07889,-97.25298,2022,2022-05-21
3802699075,Lontra canadensis,30.611449,-97.79081,2022,2022-05-16
3784913756,Lontra canadensis,29.296167,-96.798807,2022,2022-04-22
3772647731,Lontra canadensis,30.462104,-96.502916,2022,2022-05-05
3772536471,Lontra canadensis,29.714693,-96.608432,2022,2022-05-01
3772476750,Lontra canadensis,30.148367,-97.197862,2022,2022-04-24
3764163402,Lontra canadensis,29.68641,-95.019484,2022,2022-02-13
3760392328,Lontra canadensis,30.69525,-94.661065,2011,2011-02-22
3760042640,Lontra canadensis,29.449298,-97.576244,2021,2021-04-15
3759984487,Lontra canadensis,30.814648,-95.180514,2020,2020-04-28
3759958340,Lontra canadensis,30.478277,-95.876619,2015,2015-03-15
3759860787,Lontra canadensis,30.326839,-97.683514,2022,2022-02-08
3759357200,Lontra canadensis,31.194555,-97.736932,2022,2022-03-25
3747324711,Lontra canadensis,33.07272,-96.799952,2022,2022-03-19
3747131371,Lontra canadensis,32.922649,-96.848814,2022,2022-03-24
3747128625,Lontra canadensis,32.654643,-96.428572,2022,2022-03-16
3747035852,Lontra canadensis,30.184913,-95.206073,2022,2022-03-11
3743314266,Lontra canadensis,30.208195,-97.745013,2022,2022-03-16
3743254360,Lontra canadensis,29.561417,-95.181084,2022,2022-03-16
3705835343,Lontra canadensis,29.698949,-94.322398,2022,2022-03-03
3705459470,Lontra canadensis,30.377861,-97.719729,2022,2022-02-08
3698358972,Lontra canadensis,29.895498,-95.804606,2022,2022-02-20
3698331465,Lontra canadensis,31.864671,-96.019687,2022,2022-02-19
3698306252,Lontra canadensis,31.640803,-97.091303,2022,2022-02-23
3698057425,Lontra canadensis,30.333305,-97.477762,2022,2022-02-18
3499732351,Lontra canadensis,30.316653,-97.550675,2022,2022-02-17
3499586733,Lontra canadensis,29.784609,-97.081981,2022,2022-02-14
3499486889,Lontra canadensis,29.701016,-96.222864,2020,2020-01-15
3499416557,Lontra canadensis,30.068866,-97.698176,2022,2022-02-10
3469070528,Lontra canadensis,30.019445,-97.710553,2022,2022-02-09
3468879759,Lontra canadensis,28.430649,-96.909544,2021,2021-07-27
3468794667,Lontra canadensis,32.645928,-96.912538,2022,2022-01-01
3468777752,Lontra canadensis,31.255058,-94.659865,2022,2022-02-04
3468711640,Lontra canadensis,32.76066,-96.961992,2021,2021-12-30
3468709891,Lontra canadensis,29.801785,-94.999703,2022,2022-02-08
3457219819,Lontra canadensis,30.042903,-97.234391,2022,2022-01-12
3457183097,Lontra canadensis,29.807447,-95.420984,2022,2022-01-13
3457163394,Lontra canadensis,29.689415,-95.516805,2021,2021-12-12
3457094563,Lontra canadensis,30.618897,-97.743879,2021,2021-12-20
3457063612,Lontra canadensis,32.781632,-96.953389,2021,2021-12-07
3457051086,Lontra canadensis,30.294605,-95.842907,2021,2021-11-15
3456866601,Lontra canadensis,30.297433,-94.162201,2021,2021-12-31
3456782745,Lontra canadensis,29.502469,-97.561031,2014,2014-03-23
3456687952,Lontra canadensis,33.105962,-96.911189,2021,2021-12-31
3456584765,Lontra canadensis,32.79816,-97.495193,2022,2022-01-13
3456562229,Lontra canadensis,32.621135,-96.416239,2022,2022-01-11
3456548627,Lontra canadensis,31.638625,-97.312172,2021,2021-12-06
3456460654,Lontra canadensis,31.692019,-97.359144,2021,2021-12-06
3456412731,Lontra canadensis,29.400969,-96.11292,2021,2021-10-29
3456348353,Lontra canadensis,30.645022,-97.762477,2021,2021-12-10
3456287505,Lontra canadensis,31.619993,-96.002025,2021,2021-12-23
3456233608,Lontra canadensis,30.747423,-97.763986,2021,2021-12-19
3456218597,Lontra canadensis,30.793592,-97.609466,2021,2021-12-21
3456139670,Lontra canadensis,32.750547,-97.783654,2022,2022-01-19
3455994331,Lontra canadensis,31.54343,-94.666596,2021,2021-11-27
3455969139,Lontra canadensis,29.98793,-93.907745,2022,2022-01-03
3455968775,Lontra canadensis,30.758535,-97.650581,2021,2021-12-21
3455915545,Lontra canadensis,30.396394,-97.563297,2021,2021-12-02
3455735269,Lontra canadensis,30.630972,-97.736745,2021,2021-12-21
3455726314,Lontra canadensis,32.317333,-97.632224,2014,2014-06-22
3455701749,Lontra canadensis,30.697308,-97.781418,2021,2021-11-28
3455684960,Lontra canadensis,31.743574,-96.660753,2019,2019-02-03
3455616665,Lontra canadensis,29.660095,-96.233329,2021,2021-12-19
3455593782,Lontra canadensis,32.62987,-96.860216,2021,2021-12-23
3455366556,Lontra canadensis,32.354092,-95.256215,2021,2021-11-26
3418863121,Lontra canadensis,33.384888,-95.130662,2019,2019-12-26
3416246020,Lontra canadensis,30.790372,-97.758258,2021,2021-11-02
3416110865,Lontra canadensis,30.723904,-97.729527,2021,2021-11-05
3416001778,Lontra canadensis,30.702514,-97.716372,2021,2021-10-31
3415980659,Lontra canadensis,30.627005,-97.695954,2021,2021-11-01
3415963265,Lontra canadensis,31.633338,-97.356973,2021,2021-11-22
3415959168,Lontra canadensis,31.654819,-97.30068,2021,2021-11-22
3415908856,Lontra canadensis,32.837617,-97.337874,2021,2021-11-01
3415751998,Lontra canadensis,30.775232,-97.693376,2021,2021-11-01
3415742622,Lontra canadensis,32.695042,-96.932224,2021,2021-11-22
3415508401,Lontra canadensis,30.712197,-97.661869,2021,2021-11-01
3408183727,Lontra canadensis,32.867432,-97.290986,2021,2021-10-26
3407988188,Lontra canadensis,30.449552,-95.702109,2011,2011-03-05
3399327546,Lontra canadensis,32.491224,-94.908717,2021,2021-10-15
3399302827,Lontra canadensis,30.130653,-97.007183,2021,2021-10-20
3398940417,Lontra canadensis,32.842217,-97.322835,2021,2021-10-07
3398922425,Lontra canadensis,30.162416,-97.67967,2021,2021-10-14
3398822254,Lontra canadensis,32.953538,-97.308511,2021,2021-10-05
3391699176,Lontra canadensis,32.816568,-97.305506,2021,2021-10-04
3391666000,Lontra canadensis,30.760583,-97.68838,2021,2021-09-27
3391660752,Lontra canadensis,32.825586,-97.212848,2021,2021-10-03
3391485681,Lontra canadensis,32.902724,-97.356773,2021,2021-10-08
3391347327,Lontra canadensis,30.01009,-97.296564,2019,2019-10-23
3385203436,Lontra canadensis,30.78531,-97.796624,2021,2021-09-23
3384965485,Lontra canadensis,30.637427,-97.71991,2021,2021-09-19
3384900392,Lontra canadensis,30.673275,-97.729671,2021,2021-09-25
3384813405,Lontra canadensis,30.676918,-97.774875,2021,2021-09-24
3384800540,Lontra canadensis,30.095527,-95.418745,2021,2021-09-27
3384714428,Lontra canadensis,30.685015,-97.699505,2021,2021-09-24
3384396398,Lontra canadensis,30.691569,-97.700293,2021,2021-09-23
3384048338,Lontra canadensis,30.166748,-97.663511,2021,2021-09-01
3383886338,Lontra canadensis,30.170412,-97.327676,2018,2018-04-20
3343884783,Lontra canadensis,29.493327,-95.883342,2021,2021-08-13
3337737660,Lontra canadensis,30.261619,-96.190832,2021,2021-08-11
3337709181,Lontra canadensis,31.189976,-95.293023,2021,2021-04-21
3325492846,Lontra canadensis,29.893621,-97.153214,2021,2021-03-06
3314481878,Lontra canadensis,29.696403,-96.034437,2021,2021-04-03
3314311380,Lontra canadensis,33.024647,-97.126975,2020,2020-11-21
3307384508,Lontra canadensis,33.83292,-97.597729,2021,2021-06-13
3302558351,Lontra canadensis,29.744455,-96.737122,2021,2021-05-29
3302452980,Lontra canadensis,31.236497,-98.139075,2021,2021-06-01
3302394785,Lontra canadensis,33.297813,-96.28849,2021,2021-05-22
3302098549,Lontra canadensis,32.766581,-96.479897,2021,2021-05-01
3301861584,Lontra canadensis,32.738176,-96.434965,2021,2021-05-01
3124696665,Lontra canadensis,30.780876,-97.609771,2021,2021-05-21
3124669728,Lontra canadensis,32.71543,-97.151777,2021,2021-05-21
3118502766,Lontra canadensis,32.170487,-98.533676,2021,2021-05-20
3113283279,Lontra canadensis,30.303288,-97.692248,2021,2021-04-07
3112830237,Lontra canadensis,33.003908,-96.904114,2021,2021-05-03
3112683120,Lontra canadensis,30.097722,-94.020312,2021,2021-05-02
3109393426,Lontra canadensis,28.972245,-96.588289,2021,2021-04-28
3109049580,Lontra canadensis,29.638612,-94.515469,2020,2020-12-04
3090921445,Lontra canadensis,30.651347,-97.646533,2021,2021-04-06
3090828627,Lontra canadensis,30.467698,-96.24986,2020,2020-01-30
3090763361,Lontra canadensis,33.017786,-97.145872,2017,2017-09-23
3090592335,Lontra canadensis,33.132861,-96.971876,2017,2017-02-11
3090568357,Lontra canadensis,29.989859,-94.768884,2007,2007-12-30
3079722132,Lontra canadensis,33.678616,-96.647337,2021,2021-02-19
3079578470,Lontra canadensis,32.822357,-97.441956,2018,2018-07-07
3079547943,Lontra canadensis,29.767268,-94.014847,2020,2020-09-11
3070720581,Lontra canadensis,30.529127,-97.791141,2021,2021-03-07
3070473198,Lontra canadensis,32.927172,-96.84816,2020,2020-11-20
3068027845,Lontra canadensis,30.686812,-97.76424,2021,2021-03-16
3067890972,Lontra canadensis,32.907533,-96.613322,2019,2019-05-19
3067869692,Lontra canadensis,29.814391,-95.459619,2021,2021-03-25
3061626539,Lontra canadensis,30.647883,-97.584558,2021,2021-03-16
3061595924,Lontra canadensis,30.545122,-97.329513,2021,2021-03-13
3061541737,Lontra canadensis,30.467858,-97.512336,2021,2021-03-13
3059114768,Lontra canadensis,30.493944,-96.348616,2021,2021-03-04
3059105885,Lontra canadensis,30.592812,-96.242399,2021,2021-03-04
3059077666,Lontra canadensis,31.796619,-96.93118,2021,2021-03-03
3059068675,Lontra canadensis,29.797155,-96.356516,2021,2021-03-02
3059062055,Lontra canadensis,30.576878,-96.3506,2021,2021-03-04
3059032707,Lontra canadensis,31.810132,-96.188419,2021,2021-03-10
3059013110,Lontra canadensis,30.240262,-98.335851,2021,2021-02-25
3058911914,Lontra canadensis,32.631918,-96.708601,2021,2021-01-23
3058902596,Lontra canadensis,30.974447,-93.902175,2021,2021-03-09
3058756276,Lontra canadensis,30.48786,-96.252902,2021,2021-02-27
3058698072,Lontra canadensis,30.45133,-96.314011,2021,2021-03-03
3044915790,Lontra canadensis,33.037184,-96.989536,2021,2021-02-21
3044714754,Lontra canadensis,29.879792,-95.668476,2021,2021-02-20
3044654431,Lontra canadensis,30.146896,-97.343933,2021,2021-02-03
3044650089,Lontra canadensis,29.259172,-95.448782,2021,2021-02-23
3044601209,Lontra canadensis,31.083851,-95.219468,2020,2020-10-06
3039404005,Lontra canadensis,30.355946,-96.79311,2021,2021-01-30
3039386082,Lontra canadensis,31.223501,-94.756584,2021,2021-01-31
3039385081,Lontra canadensis,30.34882,-96.700752,2021,2021-01-30
3039265873,Lontra canadensis,30.569301,-96.208276,2021,2021-01-28
3032152845,Lontra canadensis,33.079148000000004,-94.919821,2020,2020-12-24
3032111555,Lontra canadensis,30.17811,-97.263542,2021,2021-01-17
3032039835,Lontra canadensis,30.10796,-94.807808,2021,2021-01-25
3032005160,Lontra canadensis,29.764267,-97.003801,2021,2021-01-18
3031997846,Lontra canadensis,30.450114,-96.28701,2021,2021-01-15
3031946471,Lontra canadensis,30.893067,-97.034317,2021,2021-01-15
3031907792,Lontra canadensis,30.487876,-96.286914,2021,2021-01-25
3031793818,Lontra canadensis,30.519885,-96.365788,2021,2021-01-26
3031758461,Lontra canadensis,30.449758,-96.390384,2021,2021-01-22
3018081160,Lontra canadensis,29.904044,-95.936153,2021,2021-01-06
3008566328,Lontra canadensis,29.744194,-94.929925,2013,2013-02-09
3008560695,Lontra canadensis,29.299947,-96.279515,2020,2020-12-19
3008537348,Lontra canadensis,30.81973,-94.296796,2019,2019-08-07
3008479987,Lontra canadensis,30.533047,-97.773059,2020,2020-12-21
3005164804,Lontra canadensis,30.15086,-95.280502,2020,2020-12-12
2999150021,Lontra canadensis,33.095047,-96.41584,2020,2020-12-08
2999046485,Lontra canadensis,30.178945,-97.142401,2020,2020-10-03
2992732723,Lontra canadensis,32.47919,-96.444601,2020,2020-11-28
2988713713,Lontra canadensis,29.109003,-103.180919,2020,2020-03-03
2988596132,Lontra canadensis,30.285753,-96.756073,2020,2020-11-15
2988412666,Lontra canadensis,30.292601,-96.717344,2020,2020-11-20
2988355148,Lontra canadensis,30.395466,-96.611376,2020,2020-11-15
2984413407,Lontra canadensis,30.104382,-96.352868,2020,2020-06-19
2980820522,Lontra canadensis,32.29329,-95.012272,2020,2020-09-20
2963898793,Lontra canadensis,30.42572,-96.059792,2020,2020-10-25
2901578804,Lontra canadensis,30.252655,-97.269263,2020,2020-10-17
2898400751,Lontra canadensis,31.5602,-95.198816,2020,2020-10-10
2898325668,Lontra canadensis,30.592542,-96.391975,2020,2020-10-09
2883104695,Lontra canadensis,33.737122,-97.659953,2020,2020-09-30
2883097463,Lontra canadensis,30.35239,-96.001536,2020,2020-10-06
2882989435,Lontra canadensis,30.262093,-96.634888,2020,2020-08-28
2868335916,Lontra canadensis,33.387619,-95.552519,2020,2020-09-19
2864870979,Lontra canadensis,32.863049,-98.030234,2020,2020-09-17
2862630411,Lontra canadensis,29.552448,-97.516459,2020,2020-09-09
2860120804,Lontra canadensis,29.920226,-95.34457,2020,2020-08-29
2860097712,Lontra canadensis,30.246053,-96.664941,2020,2020-08-28
2859954614,Lontra canadensis,30.201913,-96.799702,2020,2020-08-28
2859895686,Lontra canadensis,30.335956,-96.695511,2020,2020-08-28
2851211037,Lontra canadensis,28.865556,-95.517238,2018,2018-12-18
2851125462,Lontra canadensis,29.60622,-95.83463,2020,2020-08-11
2850989843,Lontra canadensis,29.823835,-97.821108,2020,2020-07-22
2826421159,Lontra canadensis,32.579656,-94.7453,2020,2020-07-26
2823406584,Lontra canadensis,32.740818,-94.505103,2020,2020-07-21
2823372583,Lontra canadensis,32.604978,-94.409756,2020,2020-07-21
2823219313,Lontra canadensis,32.610464,-95.467675,2020,2020-07-20
2823114029,Lontra canadensis,30.265805,-96.31626,2020,2020-06-19
2823104209,Lontra canadensis,30.280061,-96.131182,2020,2020-07-20
2818751733,Lontra canadensis,31.563142,-95.292283,2020,2020-07-05
2818532119,Lontra canadensis,29.808716,-95.125715,2019,2019-06-14
2814390636,Lontra canadensis,30.007219,-97.360166,2019,2019-02-18
2802675957,Lontra canadensis,32.943113,-96.621658,2020,2020-06-12
2802671247,Lontra canadensis,30.025597,-95.291825,2020,2020-06-17
2634446623,Lontra canadensis,29.654343,-94.466218,2020,2020-05-25
2619959462,Lontra canadensis,30.79532,-97.793482,2019,2019-12-10
2611232398,Lontra canadensis,31.12272,-98.027402,2020,2020-04-16
2609226808,Lontra canadensis,30.305074,-96.638466,2020,2020-04-20
2609159254,Lontra canadensis,33.383237,-96.791031,2020,2020-04-01
2603421830,Lontra canadensis,33.917952,-98.387795,2020,2020-04-11
2603374862,Lontra canadensis,30.039426,-95.052038,2020,2020-04-13
2596306633,Lontra canadensis,33.040088,-96.798104,2020,2020-03-21
2580250326,Lontra canadensis,28.57806,-96.945157,2020,2020-03-12
2580129176,Lontra canadensis,28.471785,-96.882437,2020,2020-03-13
2580103095,Lontra canadensis,32.06426,-95.695354,2020,2020-03-12
2580096721,Lontra canadensis,28.431438,-96.908437,2020,2020-03-15
2579367903,Lontra canadensis,30.773743,-97.789799,2020,2020-03-05
2579354901,Lontra canadensis,30.6589,-97.75563,2020,2020-03-05
2576439198,Lontra canadensis,30.665113,-97.62884,2020,2020-02-25
2576439086,Lontra canadensis,31.748613,-96.043857,2020,2020-02-23
2576430921,Lontra canadensis,30.52615,-94.906498,2019,2019-12-25
2576407411,Lontra canadensis,29.763597,-94.573109,2020,2020-02-27
2576374507,Lontra canadensis,30.581049,-95.643434,2020,2020-02-23
2576321820,Lontra canadensis,32.816447,-94.549619,2018,2018-03-02
2576265850,Lontra canadensis,30.226995,-97.72334,2020,2020-02-29
2574315036,Lontra canadensis,30.509437,-94.912613,2020,2020-02-22
2574293642,Lontra canadensis,30.695209,-97.489937,2019,2019-10-21
2574145459,Lontra canadensis,30.209428,-96.766083,2020,2020-02-07
2574116590,Lontra canadensis,33.878902,-98.418429,2020,2020-02-18
2574048269,Lontra canadensis,30.9496,-94.075455,2019,2019-10-19
2574035160,Lontra canadensis,29.928891,-96.784522,2020,2020-02-15
2574009978,Lontra canadensis,32.325537,-99.986462,2020,2020-02-08
2573948639,Lontra canadensis,30.267981,-97.512457,2020,2020-02-19
2573835461,Lontra canadensis,30.296545,-97.607295,2020,2020-01-12
2563657127,Lontra canadensis,30.505507,-96.22551,2020,2020-01-30
2563653194,Lontra canadensis,30.138892,-97.741449,2020,2020-01-28
2563598335,Lontra canadensis,33.112339,-96.778085,2020,2020-01-25
2563546765,Lontra canadensis,30.526473,-96.374664,2020,2020-01-21
2563531339,Lontra canadensis,31.092342,-98.020824,2020,2020-01-20
2563523657,Lontra canadensis,30.65826,-97.539444,2020,2020-01-18
2557819517,Lontra canadensis,30.743146,-97.784272,2020,2020-01-05
2557785154,Lontra canadensis,31.661531,-96.612655,2020,2020-01-13
2550167494,Lontra canadensis,30.423576,-96.051394,2020,2020-01-09
2543088000,Lontra canadensis,29.916275,-95.584679,2020,2020-01-01
2543087596,Lontra canadensis,29.805302,-95.593412,2020,2020-01-01
2542947307,Lontra canadensis,30.710071,-97.732457,2019,2019-12-21
2542894762,Lontra canadensis,30.08593,-97.281037,2016,2016-01-19
2540878658,Lontra canadensis,33.12858,-96.65039,2019,2019-12-20
2540854478,Lontra canadensis,31.3935,-94.808283,2019,2019-03-15
2540841259,Lontra canadensis,30.472406,-94.931814,2019,2019-12-25
2518131362,Lontra canadensis,29.805034,-94.609385,2012,2012-06-28
2465219257,Lontra canadensis,29.928543,-95.529211,2019,2019-11-28
2465213928,Lontra canadensis,30.818214,-94.029445,2019,2019-11-25
2465134609,Lontra canadensis,30.70366,-97.765055,2019,2019-11-27
2456529347,Lontra canadensis,29.938135,-95.417745,2019,2019-11-08
2451696938,Lontra canadensis,30.110949,-95.201751,2019,2019-11-02
2448001235,Lontra canadensis,28.886073,-96.446299,2018,2018-02-14
2447996557,Lontra canadensis,30.660291,-97.723454,2019,2019-10-25
2447995931,Lontra canadensis,30.7504,-97.763962,2019,2019-10-25
2447969766,Lontra canadensis,32.867478,-98.036094,2019,2019-10-26
2447961135,Lontra canadensis,30.670983,-97.665493,2019,2019-10-25
2447956920,Lontra canadensis,30.624722,-97.787508,2019,2019-10-18
2445159345,Lontra canadensis,33.6212,-96.616462,2019,2019-10-19
2445036548,Lontra canadensis,30.461963,-97.247433,2019,2019-09-30
2444963158,Lontra canadensis,32.602169,-97.230879,2018,2018-10-21
2429468638,Lontra canadensis,28.495944,-96.955425,2019,2019-10-08
2423146047,Lontra canadensis,30.689574,-97.654202,2019,2019-08-29
2422932618,Lontra canadensis,29.772895,-95.420709,2019,2019-08-25
2397698701,Lontra canadensis,30.679817,-97.756337,2019,2019-08-28
2366051038,Lontra canadensis,30.720522,-97.671491,2019,2019-08-14
2311406919,Lontra canadensis,30.217114,-97.651667,2019,2019-07-31
2311324283,Lontra canadensis,30.628577,-97.656959,2019,2019-07-24
2311275791,Lontra canadensis,30.031581,-97.307929,2019,2019-02-02
2311275785,Lontra canadensis,30.199264,-97.33687,2019,2019-02-02
2311274796,Lontra canadensis,32.94039,-97.32137,2019,2019-03-29
2283264466,Lontra canadensis,29.681828,-94.27671,2019,2019-07-10
2283257422,Lontra canadensis,33.013285,-97.020647,2019,2019-07-09
2283191984,Lontra canadensis,29.471962,-95.326273,2019,2019-07-06
2283162393,Lontra canadensis,30.742166,-97.253702,2019,2019-06-12
2283138295,Lontra canadensis,31.615813,-97.042142,2019,2019-05-12
2273298402,Lontra canadensis,30.040098,-97.539945,2019,2019-06-25
2269207135,Lontra canadensis,29.434942,-95.292012,2019,2019-02-18
2252001872,Lontra canadensis,33.382241,-96.930456,2019,2019-06-01
2251925527,Lontra canadensis,33.524767,-96.77105,2019,2019-05-27
2242899990,Lontra canadensis,30.165055,-98.286174,2019,2019-05-06
2238925978,Lontra canadensis,32.566792,-96.946414,2019,2019-04-26
2237522062,Lontra canadensis,29.821193,-95.805701,2019,2019-04-24
2236899734,Lontra canadensis,32.766265,-97.163132,2019,2019-04-16
2236881563,Lontra canadensis,33.379269,-94.466547,2019,2019-04-14
2236850671,Lontra canadensis,30.113858,-95.70328,2019,2019-04-12
2236829203,Lontra canadensis,30.047794,-97.297806,2019,2019-02-16
2236219782,Lontra canadensis,29.929563,-95.977679,2019,2019-04-05
2234815636,Lontra canadensis,30.583171,-96.17848,2019,2019-03-26
2234794070,Lontra canadensis,30.157116,-95.278291,2019,2019-03-21
2013720149,Lontra canadensis,29.771301,-94.581104,2019,2019-03-10
2013007965,Lontra canadensis,31.90096,-97.073355,2019,2019-03-04
2013000955,Lontra canadensis,33.266564,-96.224222,2019,2019-03-03
2012993866,Lontra canadensis,30.617359,-96.192828,2019,2019-03-04
2005379101,Lontra canadensis,29.155336,-95.283304,2019,2019-02-16
2005307930,Lontra canadensis,31.858248,-96.392638,2019,2019-02-10
1990631034,Lontra canadensis,29.707451,-94.308848,2019,2019-01-29
1990624995,Lontra canadensis,29.759497,-94.409566,2019,2019-01-28
1990580389,Lontra canadensis,33.014286,-96.800791,2019,2019-01-24
1990556068,Lontra canadensis,31.69625,-96.488514,2019,2019-01-21
1990519469,Lontra canadensis,28.874119,-96.415693,2006,2006-02-11
1990515882,Lontra canadensis,32.361308,-94.602408,2019,2019-01-16
1990513575,Lontra canadensis,30.72425,-98.260202,2019,2019-01-11
1990513564,Lontra canadensis,30.633079,-98.322468,2019,2019-01-11
1990513528,Lontra canadensis,30.682822,-98.275414,2019,2019-01-11
1990513497,Lontra canadensis,30.606811,-98.24329,2019,2019-01-11
1986623516,Lontra canadensis,33.298847,-94.328275,2019,2019-01-08
1986611835,Lontra canadensis,33.173354,-95.263732,2019,2019-01-07
1986526807,Lontra canadensis,30.754724,-94.821655,2018,2018-12-28
1978867461,Lontra canadensis,32.155435,-96.897453,2018,2018-12-27
1978859838,Lontra canadensis,29.716661,-95.542869,2018,2018-12-26
1978461047,Lontra canadensis,29.706243,-95.702231,2018,2018-12-18
1978437538,Lontra canadensis,31.79545,-96.592239,2018,2018-12-15
1949989194,Lontra canadensis,30.55233,-96.277856,2014,2014-10-14
1948764601,Lontra canadensis,30.036281,-97.392611,2018,2018-12-02
1931534953,Lontra canadensis,30.783405,-95.6152,2018,2018-10-17
1920832548,Lontra canadensis,29.308606,-96.668313,2018,2018-10-07
1914238989,Lontra canadensis,29.916851,-97.794237,2018,2018-09-25
1913697666,Lontra canadensis,30.784028,-97.932803,2018,2018-09-18
1913697001,Lontra canadensis,33.720609,-96.637201,2018,2018-09-17
1913336721,Lontra canadensis,29.301389,-94.797778,2017,2017-04-15
1913336092,Lontra canadensis,30.930363,-96.373673,1997,1997-03-02
1913335511,Lontra canadensis,30.576614,-96.078012,1997,1997-02-15
1913155727,Lontra canadensis,31.48455,-97.862943,2018,2018-09-01
1901034004,Lontra canadensis,30.041108,-97.790772,2018,2018-08-24
1899788020,Lontra canadensis,33.014577,-96.878055,2018,2018-08-27
1898831972,Lontra canadensis,31.411614,-96.940518,2018,2018-08-18
1898831960,Lontra canadensis,31.574268,-96.857321,2018,2018-08-22
1898831937,Lontra canadensis,31.57985,-96.894212,2018,2018-08-22
1898831911,Lontra canadensis,31.507637,-96.817869,2018,2018-08-22
1898831904,Lontra canadensis,31.495157,-96.864139,2018,2018-08-22
1898831846,Lontra canadensis,31.429775,-96.890335,2018,2018-08-22
1890693965,Lontra canadensis,30.6619,-97.697421,2018,2018-08-05
1890098981,Lontra canadensis,30.13947,-97.590743,2017,2017-12-30
1890095668,Lontra canadensis,30.851386,-94.272326,2005,2005-10-31
1890036918,Lontra canadensis,32.927943,-97.391263,2018,2018-07-03
1890034276,Lontra canadensis,30.009394,-97.775147,2018,2018-06-07
1883974386,Lontra canadensis,30.744196,-96.139176,2018,2018-01-15
1883955073,Lontra canadensis,33.896952,-98.096879,2017,2017-02-21
1883456542,Lontra canadensis,30.568804,-95.763593,2018,2018-03-01
1880564909,Lontra canadensis,29.742643,-96.315686,2014,2014-12-24
1880564785,Lontra canadensis,33.21319,-96.734546,2018,2018-06-24
1848808272,Lontra canadensis,30.140731,-95.033838,2018,2018-02-04
1847520094,Lontra canadensis,29.49896,-96.091538,2018,2018-02-12
1841324438,Lontra canadensis,32.427133,-97.32398,2018,2018-05-03
1841302506,Lontra canadensis,29.984964,-94.726534,2018,2018-04-29
1841233341,Lontra canadensis,29.618282,-94.365424,2018,2018-04-28
1841220281,Lontra canadensis,29.045408,-95.662944,2018,2018-04-27
1838059059,Lontra canadensis,33.59222,-97.141863,2018,2018-03-23
1837063818,Lontra canadensis,32.120536,-94.994544,2018,2018-03-24
1836660725,Lontra canadensis,32.632429,-96.619454,2018,2018-03-10
1836584486,Lontra canadensis,32.569907,-95.124733,2018,2018-02-27
1831229124,Lontra canadensis,32.813981,-96.555906,2018,2018-02-23
1831212229,Lontra canadensis,29.61609,-94.532022,2018,2018-02-19
1831210563,Lontra canadensis,30.047092,-97.185895,2018,2018-02-06
1831174317,Lontra canadensis,32.479106,-96.645444,2018,2018-02-10
1831100819,Lontra canadensis,31.446994,-94.424557,2017,2017-09-09
1831100636,Lontra canadensis,31.505864,-94.59196,2017,2017-09-09
1831096386,Lontra canadensis,31.662754,-97.51834,2018,2018-02-28
1806368430,Lontra canadensis,30.199326,-97.267999,2018,2018-01-26
1805416844,Lontra canadensis,32.933881,-96.401844,2018,2018-01-18
1802741027,Lontra canadensis,30.7381,-97.21241,2017,2017-12-27
1802741019,Lontra canadensis,30.75868,-97.235777,2017,2017-12-27
1802740160,Lontra canadensis,30.613714,-97.323167,2017,2017-12-27
1802666585,Lontra canadensis,30.745736,-95.720887,2017,2017-12-07
1703211142,Lontra canadensis,33.051961,-96.902047,2017,2017-11-26
1702479566,Lontra canadensis,32.784526,-96.950536,2017,2017-07-10
1702466192,Lontra canadensis,30.02916,-97.323977,2017,2017-11-04
1668848873,Lontra canadensis,33.664125,-94.75142,2017,2017-09-02
1586116811,Lontra canadensis,29.815419,-95.599316,2017,2017-07-31
1572393356,Lontra canadensis,30.91455,-97.520433,2017,2017-07-06
1571071531,Lontra canadensis,32.903712,-96.651244,2017,2017-04-06
1571065846,Lontra canadensis,29.773401,-96.49886,2017,2017-01-31
1571056524,Lontra canadensis,30.472725,-96.569721,2015,2015-03-02
1571056134,Lontra canadensis,30.069634,-97.354607,2014,2014-12-06
1571056095,Lontra canadensis,30.028189,-97.156802,2015,2015-01-17
1563434117,Lontra canadensis,32.816389,-96.777738,2017,2017-05-24
1562925994,Lontra canadensis,30.789625,-96.872172,2017,2017-05-10
1500344318,Lontra canadensis,32.898118,-96.714322,2017,2017-05-01
1500283936,Lontra canadensis,30.162292,-97.482985,2017,2017-04-17
1500275815,Lontra canadensis,32.816435,-96.686555,2017,2017-04-17
1457640417,Lontra canadensis,30.099991,-97.463169,2017,2017-03-31
1453466539,Lontra canadensis,30.32647,-97.539277,2015,2015-06-10
1453466524,Lontra canadensis,30.251725,-96.606341,2017,2017-01-03
1453466477,Lontra canadensis,30.20367,-97.682163,2015,2015-01-15
1453465968,Lontra canadensis,34.190381,-99.001977,2016,2016-11-18
1453438404,Lontra canadensis,29.177717,-95.270046,2017,2017-02-18
1453410056,Lontra canadensis,30.733349,-97.768653,2017,2017-02-08
1453374313,Lontra canadensis,32.311706,-95.033443,2017,2017-01-15
1453344924,Lontra canadensis,30.002938,-97.491427,2017,2017-01-10
1453333076,Lontra canadensis,29.940476,-94.421539,2015,2015-12-19
1453324800,Lontra canadensis,29.491628,-97.289492,2016,2016-12-23
1453319528,Lontra canadensis,33.154912,-96.900398,2016,2016-12-30
1453301477,Lontra canadensis,32.282099,-95.092058,2014,2014-07-25
1453296079,Lontra canadensis,30.180667,-97.491106,2016,2016-12-17
1453291013,Lontra canadensis,30.712493,-98.031291,2016,2016-11-15
1453289800,Lontra canadensis,30.056803,-97.752377,2016,2016-11-17
1453197391,Lontra canadensis,31.067914,-96.634541,2016,2016-11-04
1453144213,Lontra canadensis,29.421069,-95.606557,2016,2016-10-15
1323026281,Lontra canadensis,30.19007,-97.148043,2016,2016-10-02
1323004811,Lontra canadensis,32.666667,-96.718754,2016,2016-09-11
1291165671,Lontra canadensis,30.345119,-95.871022,2013,2013-09-25
1291141747,Lontra canadensis,30.199046,-97.229943,2016,2016-05-16
1291115665,Lontra canadensis,29.509114,-95.662022,2016,2016-07-09
1291060165,Lontra canadensis,29.660976,-96.377691,2015,2015-03-28
1269560814,Lontra canadensis,29.475724,-95.784671,2016,2016-05-15
1269560794,Lontra canadensis,29.536257,-95.640678,2016,2016-05-15
1265589994,Lontra canadensis,29.573108,-94.677128,2016,2016-04-21
1265566528,Lontra canadensis,29.586302,-95.681768,2016,2016-04-10
1265566454,Lontra canadensis,29.553035,-95.737231,2016,2016-04-10
1265566443,Lontra canadensis,29.41023,-95.792243,2016,2016-04-10
1265566418,Lontra canadensis,29.501589,-95.796479,2016,2016-04-10
1265557182,Lontra canadensis,30.122271,-94.921828,2016,2016-04-04
1262375852,Lontra canadensis,32.864111,-96.485644,2016,2016-03-06
1253317172,Lontra canadensis,28.898483,-96.757232,2016,2016-03-01
1253306064,Lontra canadensis,29.969422,-95.356452,2016,2016-02-06
1253306043,Lontra canadensis,29.972502,-95.307895,2016,2016-02-02
1253297769,Lontra canadensis,30.030697,-97.518608,2015,2015-02-19
1249284976,Lontra canadensis,29.927127,-95.268853000000007,2014,2014-02-14
1249282641,Lontra canadensis,32.650938,-97.017843,2016,2016-01-30
1249282235,Lontra canadensis,29.80721,-95.210869,2012,2012-11-15
1227755134,Lontra canadensis,32.133762,-94.080131,2010,2010-11-14
1227726541,Lontra canadensis,31.320792,-94.963525,2015,2015-11-20
1227725590,Lontra canadensis,31.244517,-94.804034,2015,2015-11-18
1143563478,Lontra canadensis,30.028684,-97.559728,2015,2015-03-01
1092904297,Lontra canadensis,29.703887,-96.299304,2015,2015-03-28
1088967748,Lontra canadensis,33.012854,-96.841865,2015,2015-05-02
1065612373,Lontra canadensis,29.674504,-96.256774,2015,2015-02-14
1065604251,Lontra canadensis,33.18736,-96.166731,2015,2015-01-18
1065600214,Lontra canadensis,30.345513,-94.074955,2015,2015-01-29
1065590358,Lontra canadensis,30.596886,-98.109416,2015,2015-01-14
1065589222,Lontra canadensis,29.722179,-96.33052,2015,2015-01-12
1052603872,Lontra canadensis,33.054752,-96.829568,2013,2013-02-13
1052603841,Lontra canadensis,33.050927,-96.979799,2012,2012-10-28
1052588544,Lontra canadensis,30.133721,-96.151832,2014,2014-12-07
1052581199,Lontra canadensis,30.183823,-97.126691,2014,2014-11-15
1052579269,Lontra canadensis,30.289809,-97.687773000000007,2014,2014-11-25
1042820195,Lontra canadensis,30.004618,-97.125766,2014,2014-11-15
1038333711,Lontra canadensis,33.616918,-97.00589,2014,2014-10-11
1038333171,Lontra canadensis,29.793953,-95.728555,2012,2012-07-23
1024230798,Lontra canadensis,33.733023,-97.278122,2014,2014-02-27
1024188625,Lontra canadensis,30.618603,-97.693446,2013,2013-06-19
1024183121,Lontra canadensis,33.650612,-97.703138,2009,2009-09-16
